{"reward per step": -7199700, "_timestamp": 1702436140.426771, "_runtime": 163.10327792167664, "_step": 12748, "_wandb": {"runtime": 162}}