{
  "ep_length_mean": [
    100.0,
    100.0,
    100.0,
    100.0,
    100.0,
    100.0,
    100.0,
    100.0,
    100.0,
    100.0,
    100.0,
    100.0,
    100.0,
    100.0,
    100.0,
    100.0,
    100.0,
    100.0,
    100.0,
    100.0,
    100.0
  ],
  "ep_length_mean_T": [
    100,
    10100,
    20100,
    30100,
    40100,
    50100,
    60100,
    70100,
    80100,
    90100,
    100100,
    110100,
    120100,
    130100,
    140100,
    150100,
    160100,
    170100,
    180100,
    190100,
    200100
  ],
  "episode": [
    500,
    1000,
    1500,
    2000
  ],
  "episode_T": [
    50000,
    100000,
    150000,
    200000
  ],
  "epsilon": [
    1.0,
    0.81,
    0.6200000000000001,
    0.43000000000000005,
    0.2400000000000001,
    0.050000000000000155,
    0.05,
    0.05,
    0.05,
    0.05,
    0.05,
    0.05,
    0.05,
    0.05,
    0.05,
    0.05,
    0.05,
    0.05,
    0.05,
    0.05,
    0.05
  ],
  "epsilon_T": [
    100,
    10100,
    20100,
    30100,
    40100,
    50100,
    60100,
    70100,
    80100,
    90100,
    100100,
    110100,
    120100,
    130100,
    140100,
    150100,
    160100,
    170100,
    180100,
    190100,
    200100
  ],
  "grad_norm": [
    0.8819435834884644,
    0.32288655638694763,
    20.47646713256836,
    0.6710034012794495,
    21.969432830810547,
    1.976979374885559,
    22.886564254760742,
    1.6827198266983032,
    22.79237174987793,
    0.9670649170875549,
    29.754802703857422,
    2.7541377544403076,
    33.01866149902344,
    1.3398373126983643,
    22.937419891357422,
    1.9543602466583252,
    26.026044845581055,
    3.1734306812286377,
    17.38398551940918,
    1.278324842453003
  ],
  "grad_norm_T": [
    3200,
    13200,
    23200,
    33200,
    43200,
    53200,
    63200,
    73200,
    83200,
    93200,
    103200,
    113200,
    123200,
    133200,
    143200,
    153200,
    163200,
    173200,
    183200,
    193200
  ],
  "loss": [
    1.0658199787139893,
    0.637712836265564,
    2.4011921882629395,
    0.7217418551445007,
    2.3642265796661377,
    0.6986044049263,
    2.5891473293304443,
    0.4201680123806,
    2.632126808166504,
    0.44867920875549316,
    2.8645150661468506,
    0.5774924159049988,
    3.037008285522461,
    0.6554172039031982,
    1.5902681350708008,
    0.6811994910240173,
    1.522261381149292,
    0.6463261246681213,
    1.0530472993850708,
    0.6672137975692749
  ],
  "loss_T": [
    3200,
    13200,
    23200,
    33200,
    43200,
    53200,
    63200,
    73200,
    83200,
    93200,
    103200,
    113200,
    123200,
    133200,
    143200,
    153200,
    163200,
    173200,
    183200,
    193200
  ],
  "q_taken_mean": [
    -0.028940757115681965,
    -0.01739658196767171,
    0.027938547134399413,
    0.2826598358154297,
    0.3333979034423828,
    0.6254728190104166,
    0.635241953531901,
    0.817373758951823,
    0.9420451863606771,
    1.1569954427083333,
    1.5014186604817708,
    1.4862666829427083,
    1.6944529215494792,
    1.9106840006510417,
    1.896465047200521,
    2.1759958902994794,
    2.2667842610677083,
    2.304693196614583,
    2.337374674479167,
    2.1556467692057293
  ],
  "q_taken_mean_T": [
    3200,
    13200,
    23200,
    33200,
    43200,
    53200,
    63200,
    73200,
    83200,
    93200,
    103200,
    113200,
    123200,
    133200,
    143200,
    153200,
    163200,
    173200,
    183200,
    193200
  ],
  "return_mean": [
    {
      "dtype": "float64",
      "py/object": "numpy.float64",
      "value": -281.0
    },
    {
      "dtype": "float64",
      "py/object": "numpy.float64",
      "value": -242.89
    },
    {
      "dtype": "float64",
      "py/object": "numpy.float64",
      "value": -186.97
    },
    {
      "dtype": "float64",
      "py/object": "numpy.float64",
      "value": -137.86
    },
    {
      "dtype": "float64",
      "py/object": "numpy.float64",
      "value": -76.42
    },
    {
      "dtype": "float64",
      "py/object": "numpy.float64",
      "value": -21.29
    },
    {
      "dtype": "float64",
      "py/object": "numpy.float64",
      "value": 31.11
    },
    {
      "dtype": "float64",
      "py/object": "numpy.float64",
      "value": -51.48
    },
    {
      "dtype": "float64",
      "py/object": "numpy.float64",
      "value": -7.21
    },
    {
      "dtype": "float64",
      "py/object": "numpy.float64",
      "value": 12.87
    },
    {
      "dtype": "float64",
      "py/object": "numpy.float64",
      "value": 3.32
    },
    {
      "dtype": "float64",
      "py/object": "numpy.float64",
      "value": -20.18
    },
    {
      "dtype": "float64",
      "py/object": "numpy.float64",
      "value": -53.0
    },
    {
      "dtype": "float64",
      "py/object": "numpy.float64",
      "value": -8.46
    },
    {
      "dtype": "float64",
      "py/object": "numpy.float64",
      "value": -12.54
    },
    {
      "dtype": "float64",
      "py/object": "numpy.float64",
      "value": 1.42
    },
    {
      "dtype": "float64",
      "py/object": "numpy.float64",
      "value": 21.95
    },
    {
      "dtype": "float64",
      "py/object": "numpy.float64",
      "value": 13.85
    },
    {
      "dtype": "float64",
      "py/object": "numpy.float64",
      "value": 23.07
    },
    {
      "dtype": "float64",
      "py/object": "numpy.float64",
      "value": 25.03
    },
    {
      "dtype": "float64",
      "py/object": "numpy.float64",
      "value": 17.74
    }
  ],
  "return_mean_T": [
    100,
    10100,
    20100,
    30100,
    40100,
    50100,
    60100,
    70100,
    80100,
    90100,
    100100,
    110100,
    120100,
    130100,
    140100,
    150100,
    160100,
    170100,
    180100,
    190100,
    200100
  ],
  "return_std": [
    {
      "dtype": "float64",
      "py/object": "numpy.float64",
      "value": 0.0
    },
    {
      "dtype": "float64",
      "py/object": "numpy.float64",
      "value": 24.93908378429328
    },
    {
      "dtype": "float64",
      "py/object": "numpy.float64",
      "value": 29.382802793470876
    },
    {
      "dtype": "float64",
      "py/object": "numpy.float64",
      "value": 25.96536924443787
    },
    {
      "dtype": "float64",
      "py/object": "numpy.float64",
      "value": 31.378712529356587
    },
    {
      "dtype": "float64",
      "py/object": "numpy.float64",
      "value": 49.84582128925152
    },
    {
      "dtype": "float64",
      "py/object": "numpy.float64",
      "value": 21.232943743155353
    },
    {
      "dtype": "float64",
      "py/object": "numpy.float64",
      "value": 115.30815062258176
    },
    {
      "dtype": "float64",
      "py/object": "numpy.float64",
      "value": 50.85553952127536
    },
    {
      "dtype": "float64",
      "py/object": "numpy.float64",
      "value": 23.497512634319403
    },
    {
      "dtype": "float64",
      "py/object": "numpy.float64",
      "value": 23.21115249185184
    },
    {
      "dtype": "float64",
      "py/object": "numpy.float64",
      "value": 67.04541445915596
    },
    {
      "dtype": "float64",
      "py/object": "numpy.float64",
      "value": 107.62527584169065
    },
    {
      "dtype": "float64",
      "py/object": "numpy.float64",
      "value": 39.698468484313096
    },
    {
      "dtype": "float64",
      "py/object": "numpy.float64",
      "value": 39.573329402515526
    },
    {
      "dtype": "float64",
      "py/object": "numpy.float64",
      "value": 46.170159194007546
    },
    {
      "dtype": "float64",
      "py/object": "numpy.float64",
      "value": 17.366850606831395
    },
    {
      "dtype": "float64",
      "py/object": "numpy.float64",
      "value": 26.56891981244251
    },
    {
      "dtype": "float64",
      "py/object": "numpy.float64",
      "value": 10.435760633513976
    },
    {
      "dtype": "float64",
      "py/object": "numpy.float64",
      "value": 9.78821229847412
    },
    {
      "dtype": "float64",
      "py/object": "numpy.float64",