{
  "ep_length_mean": [
    100.0,
    100.0,
    100.0,
    100.0,
    100.0,
    100.0,
    100.0,
    100.0,
    100.0,
    100.0,
    100.0,
    100.0,
    100.0,
    100.0,
    100.0,
    100.0,
    100.0,
    100.0,
    100.0,
    100.0,
    100.0
  ],
  "ep_length_mean_T": [
    100,
    10100,
    20100,
    30100,
    40100,
    50100,
    60100,
    70100,
    80100,
    90100,
    100100,
    110100,
    120100,
    130100,
    140100,
    150100,
    160100,
    170100,
    180100,
    190100,
    200100
  ],
  "episode": [
    500,
    1000,
    1500,
    2000
  ],
  "episode_T": [
    50000,
    100000,
    150000,
    200000
  ],
  "epsilon": [
    1.0,
    0.81,
    0.6200000000000001,
    0.43000000000000005,
    0.2400000000000001,
    0.050000000000000155,
    0.05,
    0.05,
    0.05,
    0.05,
    0.05,
    0.05,
    0.05,
    0.05,
    0.05,
    0.05,
    0.05,
    0.05,
    0.05,
    0.05,
    0.05
  ],
  "epsilon_T": [
    100,
    10100,
    20100,
    30100,
    40100,
    50100,
    60100,
    70100,
    80100,
    90100,
    100100,
    110100,
    120100,
    130100,
    140100,
    150100,
    160100,
    170100,
    180100,
    190100,
    200100
  ],
  "grad_norm": [
    0.9618387222290039,
    0.21808543801307678,
    5.904748439788818,
    0.47319135069847107,
    4.678063869476318,
    0.16082532703876495,
    6.158745288848877,
    0.31493595242500305,
    6.976759433746338,
    0.3175944685935974,
    7.535038948059082,
    0.501263439655304,
    8.631728172302246,
    1.0923904180526733,
    10.419960021972656,
    2.9067111015319824,
    20.45290184020996,
    2.022623300552368,
    26.9941349029541,
    1.6966336965560913
  ],
  "grad_norm_T": [
    3200,
    13200,
    23200,
    33200,
    43200,
    53200,
    63200,
    73200,
    83200,
    93200,
    103200,
    113200,
    123200,
    133200,
    143200,
    153200,
    163200,
    173200,
    183200,
    193200
  ],
  "loss": [
    1.1358505487442017,
    0.6536142230033875,
    1.921492099761963,
    0.5326042771339417,
    1.4624366760253906,
    0.30245113372802734,
    1.454573154449463,
    0.27038681507110596,
    1.2475764751434326,
    0.40726998448371887,
    1.1389118432998657,
    0.5013568997383118,
    1.0104485750198364,
    0.5586532354354858,
    1.5098021030426025,
    2.9850518703460693,
    3.7691359519958496,
    1.9387850761413574,
    4.319858551025391,
    1.732521653175354
  ],
  "loss_T": [
    3200,
    13200,
    23200,
    33200,
    43200,
    53200,
    63200,
    73200,
    83200,
    93200,
    103200,
    113200,
    123200,
    133200,
    143200,
    153200,
    163200,
    173200,
    183200,
    193200
  ],
  "q_taken_mean": [
    0.01386419932047526,
    0.030635538101196288,
    -0.0732118542989095,
    0.23595860799153645,
    0.206513303120931,
    0.49295257568359374,
    0.47332000732421875,
    0.7400359090169271,
    0.7071809387207031,
    0.9465473429361979,
    0.9342246500651041,
    1.1435601806640625,
    1.1712904866536458,
    1.267318827311198,
    1.3433060709635416,
    1.6331866455078126,
    1.6076055908203124,
    2.0211330159505208,
    1.9306386311848958,
    2.3666402180989583
  ],
  "q_taken_mean_T": [
    3200,
    13200,
    23200,
    33200,
    43200,
    53200,
    63200,
    73200,
    83200,
    93200,
    103200,
    113200,
    123200,
    133200,
    143200,
    153200,
    163200,
    173200,
    183200,
    193200
  ],
  "return_mean": [
    {
      "dtype": "float64",
      "py/object": "numpy.float64",
      "value": -252.0
    },
    {
      "dtype": "float64",
      "py/object": "numpy.float64",
      "value": -239.55
    },
    {
      "dtype": "float64",
      "py/object": "numpy.float64",
      "value": -195.15
    },
    {
      "dtype": "float64",
      "py/object": "numpy.float64",
      "value": -150.14
    },
    {
      "dtype": "float64",
      "py/object": "numpy.float64",
      "value": -76.96
    },
    {
      "dtype": "float64",
      "py/object": "numpy.float64",
      "value": -30.1
    },
    {
      "dtype": "float64",
      "py/object": "numpy.float64",
      "value": -6.13
    },
    {
      "dtype": "float64",
      "py/object": "numpy.float64",
      "value": -4.66
    },
    {
      "dtype": "float64",
      "py/object": "numpy.float64",
      "value": -3.88
    },
    {
      "dtype": "float64",
      "py/object": "numpy.float64",
      "value": -3.7
    },
    {
      "dtype": "float64",
      "py/object": "numpy.float64",
      "value": -7.32
    },
    {
      "dtype": "float64",
      "py/object": "numpy.float64",
      "value": -3.82
    },
    {
      "dtype": "float64",
      "py/object": "numpy.float64",
      "value": -4.14
    },
    {
      "dtype": "float64",
      "py/object": "numpy.float64",
      "value": -4.5
    },
    {
      "dtype": "float64",
      "py/object": "numpy.float64",
      "value": 17.75
    },
    {
      "dtype": "float64",
      "py/object": "numpy.float64",
      "value": -14.23
    },
    {
      "dtype": "float64",
      "py/object": "numpy.float64",
      "value": -21.39
    },
    {
      "dtype": "float64",
      "py/object": "numpy.float64",
      "value": -5.07
    },
    {
      "dtype": "float64",
      "py/object": "numpy.float64",
      "value": -9.76
    },
    {
      "dtype": "float64",
      "py/object": "numpy.float64",
      "value": 19.51
    },
    {
      "dtype": "float64",
      "py/object": "numpy.float64",
      "value": 31.15
    }
  ],
  "return_mean_T": [
    100,
    10100,
    20100,
    30100,
    40100,
    50100,
    60100,
    70100,
    80100,
    90100,
    100100,
    110100,
    120100,
    130100,
    140100,
    150100,
    160100,
    170100,
    180100,
    190100,
    200100
  ],
  "return_std": [
    {
      "dtype": "float64",
      "py/object": "numpy.float64",
      "value": 0.0
    },
    {
      "dtype": "float64",
      "py/object": "numpy.float64",
      "value": 24.389495689743157
    },
    {
      "dtype": "float64",
      "py/object": "numpy.float64",
      "value": 32.03541009570503
    },
    {
      "dtype": "float64",
      "py/object": "numpy.float64",
      "value": 31.146755850328937
    },
    {
      "dtype": "float64",
      "py/object": "numpy.float64",
      "value": 24.26681684935212
    },
    {
      "dtype": "float64",
      "py/object": "numpy.float64",
      "value": 18.421997720117112
    },
    {
      "dtype": "float64",
      "py/object": "numpy.float64",
      "value": 8.923738006015192
    },
    {
      "dtype": "float64",
      "py/object": "numpy.float64",
      "value": 8.909792365706396
    },
    {
      "dtype": "float64",
      "py/object": "numpy.float64",
      "value": 10.78914269068678
    },
    {
      "dtype": "float64",
      "py/object": "numpy.float64",
      "value": 9.458858282054978
    },
    {
      "dtype": "float64",
      "py/object": "numpy.float64",
      "value": 10.691940890221943
    },
    {
      "dtype": "float64",
      "py/object": "numpy.float64",
      "value": 9.990375368323255
    },
    {
      "dtype": "float64",
      "py/object": "numpy.float64",
      "value": 12.709067629059183
    },
    {
      "dtype": "float64",
      "py/object": "numpy.float64",
      "value": 43.95258809217041
    },
    {
      "dtype": "float64",
      "py/object": "numpy.float64",
      "value": 32.13794486273197
    },
    {
      "dtype": "float64",
      "py/object": "numpy.float64",
      "value": 105.59705062169114
    },
    {
      "dtype": "float64",
      "py/object": "numpy.float64",
      "value": 115.43230873546626
    },
    {
      "dtype": "float64",
      "py/object": "numpy.float64",
      "value": 63.223137378652766
    },
    {
      "dtype": "float64",
      "py/object": "numpy.float64",
      "value": 66.60557334037445
    },
    {
      "dtype": "float64",
      "py/object": "numpy.float64",
      "value": 60.26980919166743
    },
    {
      "dtype": "float64",